act_aga,Actinopyga agassizi
act_ban,Actinopyga bannwarthi
act_ech,Actinopyga echinites
act_lec,Actinopyga lecanora
act_mau,Actinopyga mauritiana
act_mil,Actinopyga milliaris
act_nsp,Actinopyga n. sp.
act_obe,Actinopyga obessa
act_pal,Actinopyga palauensis
act_spi,Actinopyga spinea
act_var,Actinopyga varians
boh_arg,Bohadschia argus
boh_atr,Bohadschia atra
boh_cou,Bohadschia cousteaui
boh_koe,Bohadschia koellikeri
boh_mar,Bohadschia marmorata
boh_nsp,Bohadschia n. sp.
boh_oce,Bohadschia ocellata
boh_par,Bohadschia paradoxa
boh_sub,Bohadschia subrubra
boh_vit,Bohadschia vitiensis
hol_alb,Holothuria albiventer
hol_anu,Holothuria annulifera
hol_are,Holothuria arenicola
hol_atr,Holothuria atra
hol_aus,Holothuria austrinabassa
hol_bo,Holothuria bo
hol_car,Holothuria carere
hol_cas,Holothuria casoae
hol_cav,Holothuria cavans
hol_cin,Holothuria cinerascens
hol_col,Holothuria coluber
hol_cor,Holothuria coronopertusa
hol_cub,Holothuria cubana
hol_cyr,Holothuria cyrielle
hol_dif,Holothuria diffcilis
hol_dis,Holothuria discrepans
hol_dof,Holothuria dofleini
hol_edu,Holothuria edulis
hol_nig,Holothuria nigralutea
hol_eri,Holothuria erinacea
hol_exc,Holothuria excellens
hol_fci,Holothuria fuscocinerea
hol_fla,Holothuria flavomaculata
hol_flo,Holothuria floridana
hol_fol,Holothuria fuscoolivacea
hol_fpu,Holothuria fuscopunctata
hol_fru,Holothuria fuscorubra
hol_fus,Holothuria fuscogilva
hol_gla,Holothuria glaberrima
hol_ham,Holothuria hamata
hol_haw,Holothuria hawaiiensis
hol_hil,Holothuria hilla
hol_imi,Holothuria imitans
hol_imm,Holothuria immobilis
hol_imp,Holothuria impatiens
hol_imp,Holothuria impatiens
hol_inh,Holothuria inhabilis
hol_ino,Holothuria inornata
hol_ins,Holothuria insignis
hol_int,Holothuria integra
hol_isu,Holothuria isuga
hol_jou,Holothuria jousseaumi
hol_kef,Holothuria kefersteini
hol_kur,Holothuria kurti
hol_lan,Holothuria languens
hol_len,Holothuria lentiginosa
hol_les,Holothuria lessoni
hol_leu,Holothuria leucospilota
hol_lin,Holothuria lineata
hol_lub,Holothuria lubrica
hol_mac,Holothuria macroperona
hol_mam,Holothuria mammata
hol_mar,Holothuria martensi
hol_mex,Holothuria mexicana
hol_mic,Holothuria michaelensi
hol_mod,Holothuria modesta
hol_moe,Holothuria moebii
hol_nob,Holothuria nobilis
hol_not,Holothuria notabilis
hol_nsp,Holothuria n. sp.
hol_occ,Holothuria occidentalis
hol_oce,Holothuria ocellata
hol_oli,Holothuria olivacea
hol_par,Holothuria parva
hol_pen,Holothuria pentard
hol_per,Holothuria pervicax
hol_pla,Holothuria platei
hol_plu,Holothuria pluricuriosa
hol_pol,Holothuria polii
hol_por,Holothuria portovallartensis
hol_prd,Holothuria pardalis
hol_pri,Holothuria princeps
hol_pse,Holothuria pseudofossor
hol_rig,Holothuria rigida
hol_ros,Holothuria roseomaculata
hol_san,Holothuria sanctori
hol_sca,Holothuria scabra
hol_sig,Holothuria signata
hol_spi,Holothuria spinifera
hol_squ,Holothuria squamifera
hol_ste,Holothuria stellati
hol_sur,Holothuria surinamensis
hol_the,Holothuria theeli
hol_tho,Holothuria thomasi
hol_tub,Holothuria tubulosa
hol_tur,Holothuria turriscelsa
hol_uni,Holothuria unicolor
hol_ver,Holothuria verrucosa
hol_vit,Holothuria vittalonga
hol_whi,Holothuria whitmaei
hol_yan,Holothuria yann
hol_zac,Holothuria zacae
hol_zih,Holothuria zihuatensis
lab_mac,Labidodemas maccullochi
lab_nsp,Labidodemas n. sp.
lab_per,Labidodemas pertinax
lab_rug,Labidodemas rugosum
lab_sem,Labidodemas semperianum
par_gra,Paersonothuria graeffei
